Année,Type entité,Nom,Document,Budget,Nature,Sens,Chap.,Libellé chapitre,Article,Libellé article,   Montant   
2018,Commune,Ville de Redon,BP,Ville,Investissement,Dépense,1,001,1,RESULTAT D'INVESTISSEMENT REPORTE," 257 664,77   "
2018,Commune,Ville de Redon,BP,Ville,Investissement,Dépense,40,040,13911,ETAT ET ETABLISSEMENTS NATIONAUX," 493,00   "
2018,Commune,Ville de Redon,BP,Ville,Investissement,Dépense,40,040,13912,REGIONS," 1 723,00   "
2018,Commune,Ville de Redon,BP,Ville,Investissement,Dépense,40,040,13913,DEPARTEMENTS," 1 603,00   "
2018,Commune,Ville de Redon,BP,Ville,Investissement,Dépense,40,040,13916,AUTRES ETABLISSEMENTS PUBLICS LOCAUX," 486,00   "
2018,Commune,Ville de Redon,BP,Ville,Investissement,Dépense,40,040,13918,AUTRES," 5 048,00   "
2018,Commune,Ville de Redon,BP,Ville,Investissement,Dépense,40,040,2113,TERRAINS AMENAGES AUTRES QUE VOIRIE," 20 000,00   "
2018,Commune,Ville de Redon,BP,Ville,Investissement,Dépense,40,040,21312,BATIMENTS SCOLAIRES," 28 000,00   "
2018,Commune,Ville de Redon,BP,Ville,Investissement,Dépense,40,040,21318,AUTRES BATIMENTS PUBLICS," 37 000,00   "
2018,Commune,Ville de Redon,BP,Ville,Investissement,Dépense,40,040,2313,CONSTRUCTIONS," 10 000,00   "
2018,Commune,Ville de Redon,BP,Ville,Investissement,Dépense,40,040,2315,"INSTALLATIONS, MATERIEL ET OUTILLAGE TECHNIQUES"," 55 000,00   "
2018,Commune,Ville de Redon,BP,Ville,Investissement,Dépense,41,041,2313,CONSTRUCTIONS," 109 540,00   "
2018,Commune,Ville de Redon,BP,Ville,Investissement,Dépense,41,041,2315,"INSTALLATIONS, MATERIEL ET OUTILLAGE TECHNIQUES"," 310 778,00   "
2018,Commune,Ville de Redon,BP,Ville,Investissement,Dépense,16,16,1641,EMPRUNTS  EN EUROS," 849 534,00   "
2018,Commune,Ville de Redon,BP,Ville,Investissement,Dépense,16,16,165,DEPOT ET CAUTIONNEMENT RECUS," 1 000,00   "
2018,Commune,Ville de Redon,BP,Ville,Investissement,Dépense,20,20,202,"FRAIS D'ETUDES,D'ELABORAT, MODIF, REVIS, DOC. URBA"," 60 000,00   "
2018,Commune,Ville de Redon,BP,Ville,Investissement,Dépense,20,20,202,"FRAIS LIES A LA REAL.DES DOCS D'URBA,NUM DU CADAST"," 27 024,00   "
2018,Commune,Ville de Redon,BP,Ville,Investissement,Dépense,20,20,2031,FRAIS D'ETUDES," 516 389,36   "
2018,Commune,Ville de Redon,BP,Ville,Investissement,Dépense,20,20,2051,CONCESSIONS ET DROITS SIMILAIRES," 101 440,00   "
2018,Commune,Ville de Redon,BP,Ville,Investissement,Dépense,204,204,2041511,"BIENS MOBILIERS, MATERIEL ET ETUDES"," 12 000,00   "
2018,Commune,Ville de Redon,BP,Ville,Investissement,Dépense,204,204,2041512,BATIMENTS ET INSTALLATIONS," 32 610,00   "
2018,Commune,Ville de Redon,BP,Ville,Investissement,Dépense,204,204,2041581,"BIENS MOBILIERS, MATERIEL ET ETUDES"," 10 000,00   "
2018,Commune,Ville de Redon,BP,Ville,Investissement,Dépense,204,204,204181,"BIENS MOBILIERS, MATERIEL ET ETUDES"," 40 977,40   "
2018,Commune,Ville de Redon,BP,Ville,Investissement,Dépense,204,204,204182,BATIMENTS ET INSTALLATIONS," 300 371,36   "
2018,Commune,Ville de Redon,BP,Ville,Investissement,Dépense,21,21,2111,TERRAINS NUS," 73 000,00   "
2018,Commune,Ville de Redon,BP,Ville,Investissement,Dépense,21,21,2113,TERRAINS AMENAGES AUTRES QUE VOIRIE," 24 968,68   "
2018,Commune,Ville de Redon,BP,Ville,Investissement,Dépense,21,21,2128,AUTRES AGENCEMENTS ET AMENAGEMENTS DE TERRAINS," 47 000,00   "
2018,Commune,Ville de Redon,BP,Ville,Investissement,Dépense,21,21,21312,BATIMENTS SCOLAIRES," 71 980,40   "
2018,Commune,Ville de Redon,BP,Ville,Investissement,Dépense,21,21,21316,EQUIPEMENTS DU CIMETIERE," 26 404,88   "
2018,Commune,Ville de Redon,BP,Ville,Investissement,Dépense,21,21,21318,AUTRES BATIMENTS PUBLICS," 192 487,17   "
2018,Commune,Ville de Redon,BP,Ville,Investissement,Dépense,21,21,2132,IMMEUBLES DE RAPPORT," 200 000,00   "
2018,Commune,Ville de Redon,BP,Ville,Investissement,Dépense,21,21,2135,"INSTAL. GEN., AGENCEMENTS, AMENAGEMENTS DES CONST."," 31 933,60   "
2018,Commune,Ville de Redon,BP,Ville,Investissement,Dépense,21,21,21538,AUTRES RESEAUX," 5 900,00   "
2018,Commune,Ville de Redon,BP,Ville,Investissement,Dépense,21,21,21568,"AUTRE MATERIEL ET OUTILLAGE D'INCENDIE, DEFENSE"," 15 500,00   "
2018,Commune,Ville de Redon,BP,Ville,Investissement,Dépense,21,21,2158,"AUTRES INSTALLATIONS, MATERIEL ET OUTILLAGE TECH."," 103 955,00   "
2018,Commune,Ville de Redon,BP,Ville,Investissement,Dépense,21,21,2181,"INSTALL. GENERALES, AGENCEMENTS ET AMENAG. DIVERS"," 3 000,00   "
2018,Commune,Ville de Redon,BP,Ville,Investissement,Dépense,21,21,2182,MATERIEL DE TRANSPORT," 407 489,20   "
2018,Commune,Ville de Redon,BP,Ville,Investissement,Dépense,21,21,2183,MATERIEL DE BUREAU ET INFORMATIQUE," 39 240,79   "
2018,Commune,Ville de Redon,BP,Ville,Investissement,Dépense,21,21,2184,MOBILIER," 10 424,39   "
2018,Commune,Ville de Redon,BP,Ville,Investissement,Dépense,21,21,2188,AUTRES IMMOBILISATIONS CORPORELLES," 220 239,06   "
2018,Commune,Ville de Redon,BP,Ville,Investissement,Dépense,21,21,2188,AUTRES MOBILIERS," 44 669,00   "
2018,Commune,Ville de Redon,BP,Ville,Investissement,Dépense,23,23,2313,CONSTRUCTIONS," 4 016 150,59   "
2018,Commune,Ville de Redon,BP,Ville,Investissement,Dépense,23,23,2315,"INSTALLATIONS, MATERIEL ET OUTILLAGE TECHNIQUES"," 2 580 933,81   "
2018,Commune,Ville de Redon,BP,Ville,Investissement,Dépense,23,23,238,AVANCES VERSEES SUR COMMANDES IMMO. CORP.," 100 441,54   "
2018,Commune,Ville de Redon,BP,Ville,Investissement,Dépense,45,045,454103,DEPENSES," 62 000,00   "
2018,Commune,Ville de Redon,BP,Ville,Fonctionnement,Dépense,11,Chapitre 011,60611,EAU ET ASSAINISSEMENT," 38 480,00   "
2018,Commune,Ville de Redon,BP,Ville,Fonctionnement,Dépense,11,Chapitre 011,60611,FOURN. NON STOCKABLE  - EAU ET ASSAINISSEMENT," 36 000,00   "
2018,Commune,Ville de Redon,BP,Ville,Fonctionnement,Dépense,11,Chapitre 011,60612,ENERGIE - ELECTRICITE," 164 665,00   "
2018,Commune,Ville de Redon,BP,Ville,Fonctionnement,Dépense,11,Chapitre 011,60612,FOURN. NON STOCKABLE - ENERGIE - ELECTRICITE," 349 980,00   "
2018,Commune,Ville de Redon,BP,Ville,Fonctionnement,Dépense,11,Chapitre 011,60618,AUTRES FOURNITURES NON STOCKABLES," 200,00   "
2018,Commune,Ville de Redon,BP,Ville,Fonctionnement,Dépense,11,Chapitre 011,60621,COMBUSTIBLES," 14 290,00   "
2018,Commune,Ville de Redon,BP,Ville,Fonctionnement,Dépense,11,Chapitre 011,60622,CARBURANTS," 82 480,00   "
2018,Commune,Ville de Redon,BP,Ville,Fonctionnement,Dépense,11,Chapitre 011,60623,ALIMENTATION," 113 636,00   "
2018,Commune,Ville de Redon,BP,Ville,Fonctionnement,Dépense,11,Chapitre 011,60628,AUTRES FOURNITURES NON STOCKEES," 122 390,00   "
2018,Commune,Ville de Redon,BP,Ville,Fonctionnement,Dépense,11,Chapitre 011,60628,AUTRES FOURNITURES NON STOCKES," 76 880,00   "
2018,Commune,Ville de Redon,BP,Ville,Fonctionnement,Dépense,11,Chapitre 011,60631,FOURNITURES D'ENTRETIEN," 32 145,00   "
2018,Commune,Ville de Redon,BP,Ville,Fonctionnement,Dépense,11,Chapitre 011,60632,FOURNITURES DE PETIT EQUIPEMENT," 88 150,00   "
2018,Commune,Ville de Redon,BP,Ville,Fonctionnement,Dépense,11,Chapitre 011,60633,FOURNITURES DE VOIRIE," 72 000,00   "
2018,Commune,Ville de Redon,BP,Ville,Fonctionnement,Dépense,11,Chapitre 011,60636,VETEMENTS DE TRAVAIL," 30 080,00   "
2018,Commune,Ville de Redon,BP,Ville,Fonctionnement,Dépense,11,Chapitre 011,6064,FOURNITURES ADMINISTRATIVES," 19 439,00   "
2018,Commune,Ville de Redon,BP,Ville,Fonctionnement,Dépense,11,Chapitre 011,6065,"LIVRES, DISQUES, CASSETTES"," 4 003,00   "
2018,Commune,Ville de Redon,BP,Ville,Fonctionnement,Dépense,11,Chapitre 011,6065,"LIVRES, DISQUES, CASSETTES (BIBLIO., MEDIATHEQUE)"," 1 520,00   "
2018,Commune,Ville de Redon,BP,Ville,Fonctionnement,Dépense,11,Chapitre 011,6067,FOURNITURES SCOLAIRES," 21 618,00   "
2018,Commune,Ville de Redon,BP,Ville,Fonctionnement,Dépense,11,Chapitre 011,6068,AUTRES MATIERES ET FOURNITURES," 133 290,00   "
2018,Commune,Ville de Redon,BP,Ville,Fonctionnement,Dépense,11,Chapitre 011,6132,LOCATIONS IMMOBILIERES," 26 670,00   "
2018,Commune,Ville de Redon,BP,Ville,Fonctionnement,Dépense,11,Chapitre 011,6135,LOCATION MOBILIERES," 25 430,00   "
2018,Commune,Ville de Redon,BP,Ville,Fonctionnement,Dépense,11,Chapitre 011,6135,LOCATIONS MOBILIERES," 10 630,00   "
2018,Commune,Ville de Redon,BP,Ville,Fonctionnement,Dépense,11,Chapitre 011,614,CHARGES LOCATIVES ET DE COPROPRIETE," 16 900,00   "
2018,Commune,Ville de Redon,BP,Ville,Fonctionnement,Dépense,11,Chapitre 011,61521,ENTRETIEN DES TERRAINS," 24 600,00   "
2018,Commune,Ville de Redon,BP,Ville,Fonctionnement,Dépense,11,Chapitre 011,61521,TERRAINS," 3 760,00   "
2018,Commune,Ville de Redon,BP,Ville,Fonctionnement,Dépense,11,Chapitre 011,615221,BATIMENTS," 71 105,00   "
2018,Commune,Ville de Redon,BP,Ville,Fonctionnement,Dépense,11,Chapitre 011,615221,BATIMENTS PUBLICS," 800,00   "
2018,Commune,Ville de Redon,BP,Ville,Fonctionnement,Dépense,11,Chapitre 011,615221,ENTRETIEN DES BATIMENTS," 3 240,00   "
2018,Commune,Ville de Redon,BP,Ville,Fonctionnement,Dépense,11,Chapitre 011,615228,AUTRES BATIMENTS," 490,00   "
2018,Commune,Ville de Redon,BP,Ville,Fonctionnement,Dépense,11,Chapitre 011,615231,ENTRETIEN DES VOIES ET RESEAUX," 3 000,00   "
2018,Commune,Ville de Redon,BP,Ville,Fonctionnement,Dépense,11,Chapitre 011,615231,ENTRETIEN VOIES ET RESEAUX," 45 500,00   "
2018,Commune,Ville de Redon,BP,Ville,Fonctionnement,Dépense,11,Chapitre 011,615231,VOIES ET RESEAUX," 2 000,00   "
2018,Commune,Ville de Redon,BP,Ville,Fonctionnement,Dépense,11,Chapitre 011,615232,RESEAUX," 12 500,00   "
2018,Commune,Ville de Redon,BP,Ville,Fonctionnement,Dépense,11,Chapitre 011,61551,MATERIEL ROULANT," 45 240,00   "
2018,Commune,Ville de Redon,BP,Ville,Fonctionnement,Dépense,11,Chapitre 011,61558,AUTRES BIENS MOBILIERS," 47 252,00   "
2018,Commune,Ville de Redon,BP,Ville,Fonctionnement,Dépense,11,Chapitre 011,61558,ENTRET. AUTRES BIENS MOBILIERS," 3 600,00   "
2018,Commune,Ville de Redon,BP,Ville,Fonctionnement,Dépense,11,Chapitre 011,61558,ENTRETIEN AUTRES BIENS MOBILIERS," 7 570,00   "
2018,Commune,Ville de Redon,BP,Ville,Fonctionnement,Dépense,11,Chapitre 011,6156,MAINTENANCE," 125 529,00   "
2018,Commune,Ville de Redon,BP,Ville,Fonctionnement,Dépense,11,Chapitre 011,6161,PRIMES D'ASSURANCE," 64 440,00   "
2018,Commune,Ville de Redon,BP,Ville,Fonctionnement,Dépense,11,Chapitre 011,6182,DOCUMENTATION GENERALE ET TECHNIQUE," 8 808,00   "
2018,Commune,Ville de Redon,BP,Ville,Fonctionnement,Dépense,11,Chapitre 011,6184,VERSEMENTS A DES ORGANISMES DE FORMATION," 51 000,00   "
2018,Commune,Ville de Redon,BP,Ville,Fonctionnement,Dépense,11,Chapitre 011,6188,AUTRES FRAIS DIVERS," 106 455,00   "
2018,Commune,Ville de Redon,BP,Ville,Fonctionnement,Dépense,11,Chapitre 011,6225,INDEMNITES AU COMPTABLE ET AUX REGISSEURS," 620,00   "
2018,Commune,Ville de Redon,BP,Ville,Fonctionnement,Dépense,11,Chapitre 011,6226,HONORAIRES," 10 400,00   "
2018,Commune,Ville de Redon,BP,Ville,Fonctionnement,Dépense,11,Chapitre 011,6228,DIVERS," 120 345,00   "
2018,Commune,Ville de Redon,BP,Ville,Fonctionnement,Dépense,11,Chapitre 011,6231,ANNONCES ET INSERTIONS," 15 550,00   "
2018,Commune,Ville de Redon,BP,Ville,Fonctionnement,Dépense,11,Chapitre 011,6232,FETES ET CEREMONIES," 85 469,00   "
2018,Commune,Ville de Redon,BP,Ville,Fonctionnement,Dépense,11,Chapitre 011,6236,CATALOGUES ET IMPRIMES," 22 225,00   "
2018,Commune,Ville de Redon,BP,Ville,Fonctionnement,Dépense,11,Chapitre 011,6241,TRANSPORTS DE BIENS," 1 630,00   "
2018,Commune,Ville de Redon,BP,Ville,Fonctionnement,Dépense,11,Chapitre 011,6247,TRANSPORTS COLLECTIFS," 450,00   "
2018,Commune,Ville de Redon,BP,Ville,Fonctionnement,Dépense,11,Chapitre 011,6248,DIVERS," 23 490,00   "
2018,Commune,Ville de Redon,BP,Ville,Fonctionnement,Dépense,11,Chapitre 011,6251,VOYAGES ET DEPLACEMENT," 2 310,00   "
2018,Commune,Ville de Redon,BP,Ville,Fonctionnement,Dépense,11,Chapitre 011,6251,VOYAGES ET DEPLACEMENTS," 5 170,00   "
2018,Commune,Ville de Redon,BP,Ville,Fonctionnement,Dépense,11,Chapitre 011,6261,FRAIS D'AFFRANCHISSEMENT," 27 565,00   "
2018,Commune,Ville de Redon,BP,Ville,Fonctionnement,Dépense,11,Chapitre 011,6262,FRAIS DE TELECOMMUNICATIONS," 44 537,00   "
2018,Commune,Ville de Redon,BP,Ville,Fonctionnement,Dépense,11,Chapitre 011,627,SERVICES BANCAIRES ET ASSIMILES," 1 000,00   "
2018,Commune,Ville de Redon,BP,Ville,Fonctionnement,Dépense,11,Chapitre 011,6281,CONCOURS DIVERS (COTISATIONS ...)," 13 530,00   "
2018,Commune,Ville de Redon,BP,Ville,Fonctionnement,Dépense,11,Chapitre 011,6282,FRAIS DE GARDIENNAGE," 500,00   "
2018,Commune,Ville de Redon,BP,Ville,Fonctionnement,Dépense,11,Chapitre 011,62876,AU GFP DE RATTACHEMENT," 9 397,00   "
2018,Commune,Ville de Redon,BP,Ville,Fonctionnement,Dépense,11,Chapitre 011,62878,A D'AUTRES ORGANISMES," 44 000,00   "
2018,Commune,Ville de Redon,BP,Ville,Fonctionnement,Dépense,11,Chapitre 011,6288,AUTRES," 10 500,00   "
2018,Commune,Ville de Redon,BP,Ville,Fonctionnement,Dépense,11,Chapitre 011,6288,AUTRES SERVICES EXTERIEURS," 1 300,00   "
2018,Commune,Ville de Redon,BP,Ville,Fonctionnement,Dépense,11,Chapitre 011,63512,TAXES FONCIERES," 82 000,00   "
2018,Commune,Ville de Redon,BP,Ville,Fonctionnement,Dépense,11,Chapitre 011,6355,TAXES ET IMPOTS SUR LES VEHICULES," 2 070,00   "
2018,Commune,Ville de Redon,BP,Ville,Fonctionnement,Dépense,11,Chapitre 011,637,"AUTRES IMPOTS, TAXES ET VERS. ASSIMILES (AUTRES)"," 2 500,00   "
2018,Commune,Ville de Redon,BP,Ville,Fonctionnement,Dépense,12,012,6218,AUTRE PERSONNEL EXTERIEUR," 16 700,00   "
2018,Commune,Ville de Redon,BP,Ville,Fonctionnement,Dépense,12,012,6332,COTISATIONS VERSEES AU F.N.A.L.," 11 487,00   "
2018,Commune,Ville de Redon,BP,Ville,Fonctionnement,Dépense,12,012,6336,COTISATIONS CENTRE NATIONAL ET  DE GESTION," 75 778,00   "
2018,Commune,Ville de Redon,BP,Ville,Fonctionnement,Dépense,12,012,6338,"AUTRES IMPOTS, TAXES ET VERS. SUR REMUNERATIONS"," 6 893,00   "
2018,Commune,Ville de Redon,BP,Ville,Fonctionnement,Dépense,12,012,64111,REMUNERATION PRINCIPALE," 3 359 358,00   "
2018,Commune,Ville de Redon,BP,Ville,Fonctionnement,Dépense,12,012,64112,"NBI, SUPPLEMENT FAMILIAL ET INDEMNITE DE RESIDENCE"," 78 264,00   "
2018,Commune,Ville de Redon,BP,Ville,Fonctionnement,Dépense,12,012,64118,AUTRES INDEMNITES," 702 249,00   "
2018,Commune,Ville de Redon,BP,Ville,Fonctionnement,Dépense,12,012,64131,REMUNERATIONS NON TITULAIRES," 189 492,00   "
2018,Commune,Ville de Redon,BP,Ville,Fonctionnement,Dépense,12,012,64162,EMPLOIS D'AVENIR," 41 746,00   "
2018,Commune,Ville de Redon,BP,Ville,Fonctionnement,Dépense,12,012,64168,AUTRES EMPLOIS D'INSERTION," 282 698,00   "
2018,Commune,Ville de Redon,BP,Ville,Fonctionnement,Dépense,12,012,6417,REMUNERATIONS DES APPRENTIS," 9 678,00   "
2018,Commune,Ville de Redon,BP,Ville,Fonctionnement,Dépense,12,012,6451,COTISATIONS A L' U.R.S.S.A.F.," 641 020,00   "
2018,Commune,Ville de Redon,BP,Ville,Fonctionnement,Dépense,12,012,6453,COTISATIONS AUX CAISSES DE RETRAITES," 1 095 324,00   "
2018,Commune,Ville de Redon,BP,Ville,Fonctionnement,Dépense,12,012,6454,COTISATIONS AUX A.S.S.E.D.I.C.," 32 452,00   "
2018,Commune,Ville de Redon,BP,Ville,Fonctionnement,Dépense,12,012,6455,COTISATIONS  POUR ASSURANCE DU PERSONNEL," 54 030,00   "
2018,Commune,Ville de Redon,BP,Ville,Fonctionnement,Dépense,12,012,6458,COTISATIONS AUX AUTRES ORGANISMES SOCIAUX," 7 795,00   "
2018,Commune,Ville de Redon,BP,Ville,Fonctionnement,Dépense,12,012,6475,"MEDECINE DU TRAVAIL , PHARMACIE"," 9 786,00   "
2018,Commune,Ville de Redon,BP,Ville,Fonctionnement,Dépense,12,012,6488,AUTRES CHARGES," 250,00   "
2018,Commune,Ville de Redon,BP,Ville,Fonctionnement,Dépense,23,23,23,PRELEV./ RECETTE FONCT.," 950 299,00   "
2018,Commune,Ville de Redon,BP,Ville,Fonctionnement,Dépense,42,042,6811,DOTATION AUX AMORT. IMMOB. INCORP. ET CORP.," 659 898,00   "
2018,Commune,Ville de Redon,BP,Ville,Fonctionnement,Dépense,65,65,651,"REDEVANCES POUR CONCESSIONS,BREVETS,LICENCES..."," 22 908,00   "
2018,Commune,Ville de Redon,BP,Ville,Fonctionnement,Dépense,65,65,6531,IMDEMNITES MAIRE ET ADJOINTS," 140 000,00   "
2018,Commune,Ville de Redon,BP,Ville,Fonctionnement,Dépense,65,65,6532,FRAIS DE MISSION MAIRE ET ADJOINTS," 2 000,00   "
2018,Commune,Ville de Redon,BP,Ville,Fonctionnement,Dépense,65,65,6533,COTISATIONS DE RETRAITE MAIRE ET ADJOINTS," 5 904,00   "
2018,Commune,Ville de Redon,BP,Ville,Fonctionnement,Dépense,65,65,6534,COTISATIONS DE SECURITE SOCIALE - PART PATRONALE," 14 532,00   "
2018,Commune,Ville de Redon,BP,Ville,Fonctionnement,Dépense,65,65,6535,FORMATION," 2 000,00   "
2018,Commune,Ville de Redon,BP,Ville,Fonctionnement,Dépense,65,65,6541,CREANCES ADMISES EN NON-VALEUR," 5 000,00   "
2018,Commune,Ville de Redon,BP,Ville,Fonctionnement,Dépense,65,65,6542,CREANCES ETEINTES," 5 000,00   "
2018,Commune,Ville de Redon,BP,Ville,Fonctionnement,Dépense,65,65,6553,SERVICE D'INCENDIE," 574 334,00   "
2018,Commune,Ville de Redon,BP,Ville,Fonctionnement,Dépense,65,65,657341,COMMUNES MEMBRES DU GFP," 1 000,00   "
2018,Commune,Ville de Redon,BP,Ville,Fonctionnement,Dépense,65,65,657361,CAISSE DES ECOLES," 2 500,00   "
2018,Commune,Ville de Redon,BP,Ville,Fonctionnement,Dépense,65,65,657362,CCAS," 400 000,00   "
2018,Commune,Ville de Redon,BP,Ville,Fonctionnement,Dépense,65,65,6574,SUBV. FONCTIONNEMENT ASSOCIATIONS ET AUTRES," 80,00   "
2018,Commune,Ville de Redon,BP,Ville,Fonctionnement,Dépense,65,65,6574,SUBV.FONCT.ASSOCIAT.& AUTRES ORGAN.DROIT PRIVE," 195 792,00   "
2018,Commune,Ville de Redon,BP,Ville,Fonctionnement,Dépense,65,65,6574,SUBV.FONCT.AUX ASS.& AUTRES ORGAN.DROIT PRIVE," 412 407,35   "
2018,Commune,Ville de Redon,BP,Ville,Fonctionnement,Dépense,65,65,65888,AUTRES," 5 675,65   "
2018,Commune,Ville de Redon,BP,Ville,Fonctionnement,Dépense,66,66,66111,INTERETS REGLES A ECHEANCE," 471 300,00   "
2018,Commune,Ville de Redon,BP,Ville,Fonctionnement,Dépense,66,66,6615,INTERETS DES COMPTES COURANTS ET DE DEPOTS," 1 000,00   "
2018,Commune,Ville de Redon,BP,Ville,Fonctionnement,Dépense,67,67,6714,BOURSES ET PRIX," 1 200,00   "
2018,Commune,Ville de Redon,BP,Ville,Fonctionnement,Dépense,67,67,6718,AUTRES CHARGES EXCEPTIONNELLES SUR OPE DE GESTION," 4 100,00   "
2018,Commune,Ville de Redon,BP,Ville,Fonctionnement,Dépense,67,67,673,TITRES ANNULES," 20 400,00   "
2018,Commune,Ville de Redon,BP,Ville,Fonctionnement,Dépense,67,67,6745,SUBVENTIONS AUX PERSONNES DE DROIT PRIVE," 35 000,00   "
2018,Commune,Ville de Redon,BP,Ville,Fonctionnement,Dépense,67,67,6748,AUTRES SUBVENTIONS EXCEPTIONNELLES," 5 417,96   "
2018,Commune,Ville de Redon,BP,Ville,Fonctionnement,Dépense,67,67,678,AUTRES CHARGES EXCEPTIONNELLES," 929,04   "
2018,Commune,Ville de Redon,BP,Ville,Investissement,Recettes,40,040,28138,AUTRES CONSTRUCTIONS,"29 024,00"
2018,Commune,Ville de Redon,BP,Ville,Fonctionnement,Recettes,42,042,722,TVX EN REGIE IMMOBILISATIONS CORPORELLES,"150 000,00"
2018,Commune,Ville de Redon,BP,Ville,Fonctionnement,Recettes,42,042,777,QUOTE PART SUBV. D'INVEST.TRANSFEREES RESULTAT,"9 353,00"
2018,Commune,Ville de Redon,BP,Ville,Fonctionnement,Recettes,70,70,70311,CONCESSION DANS LES CIMETIERES (PRODUIT NET),"23 093,00"
2018,Commune,Ville de Redon,BP,Ville,Fonctionnement,Recettes,70,70,70323,REDEV. D'OCCUPAT. DU DOMAINE PUBLIC COMMUNAL,"10 948,00"
2018,Commune,Ville de Redon,BP,Ville,Fonctionnement,Recettes,70,70,70323,REDEVANCE D'OCCUPATION DU DOMAINE PUBLIC COMMAL,"5 380,00"
2018,Commune,Ville de Redon,BP,Ville,Fonctionnement,Recettes,70,70,70388,AUTRES REDEVANCES ET RECETTES DIVERSES,"64 792,00"
2018,Commune,Ville de Redon,BP,Ville,Fonctionnement,Recettes,70,70,7062,REDEVANCES ET DROITS DES SERVICES CULTURELS,"5 415,00"
2018,Commune,Ville de Redon,BP,Ville,Fonctionnement,Recettes,70,70,7066,REDEVANCES ET DROITS DES SERV. A CARACT. SOCIAL,353
2018,Commune,Ville de Redon,BP,Ville,Fonctionnement,Recettes,70,70,7066,REDEVANCES ET DROITS DES SERVICES A CARACT. SOCIAL,"49 149,00"
2018,Commune,Ville de Redon,BP,Ville,Fonctionnement,Recettes,70,70,7067,REDEVAN. ET DROITS SCES PERISCOLAIRES ET ENSEIG.,"179 839,00"
2018,Commune,Ville de Redon,BP,Ville,Fonctionnement,Recettes,70,70,70688,AUTRES PRESTATIONS DE SERVICE,102
2018,Commune,Ville de Redon,BP,Ville,Fonctionnement,Recettes,70,70,70688,AUTRES REDEVANCES ET DROITS,"1 423,00"
2018,Commune,Ville de Redon,BP,Ville,Fonctionnement,Recettes,70,70,7083,LOCATIONS DIVERSES (AUTRES QU'IMMEUBLES),"6 897,00"
2018,Commune,Ville de Redon,BP,Ville,Fonctionnement,Recettes,70,70,70841,"AUX BUDG. ANNEX., REGIES MUNICIPALES, CCAS ET CDE","75 371,00"
2018,Commune,Ville de Redon,BP,Ville,Fonctionnement,Recettes,70,70,70841,"AUX BUDGETS ANNEXES, REGIES MUNICIPALES, CCAS ET C","1 543,00"
2018,Commune,Ville de Redon,BP,Ville,Fonctionnement,Recettes,70,70,70846,MISE A DISPO PERSONNEL FACTURÉE GFP RATTACHEMENT,"7 112,00"
2018,Commune,Ville de Redon,BP,Ville,Fonctionnement,Recettes,70,70,70848,AUX AUTRES ORGANISMES,"21 962,00"
2018,Commune,Ville de Redon,BP,Ville,Fonctionnement,Recettes,70,70,70873,PAR LES CCAS,"19 474,00"
2018,Commune,Ville de Redon,BP,Ville,Fonctionnement,Recettes,70,70,70876,PAR LE GFP DE RATTACHEMENT,"2 546,00"
2018,Commune,Ville de Redon,BP,Ville,Fonctionnement,Recettes,70,70,70878,PAR D'AUTRES REDEVABLES,"20 656,00"
2018,Commune,Ville de Redon,BP,Ville,Fonctionnement,Recettes,70,70,7088,AUTRES PRODUITS D'ACTIVITES ANNEXES,"23 134,00"
2018,Commune,Ville de Redon,BP,Ville,Fonctionnement,Recettes,73,73,73111,TAXES FONCIERES ET D'HABITATION,"5 243 666,00"
2018,Commune,Ville de Redon,BP,Ville,Fonctionnement,Recettes,73,73,7318,AUTRES IMPOTS LOCAUX OU ASSIMILES,"10 000,00"
2018,Commune,Ville de Redon,BP,Ville,Fonctionnement,Recettes,73,73,73211,ATTRIBUTION DE COMPENSATION,"3 360 979,00"
2018,Commune,Ville de Redon,BP,Ville,Fonctionnement,Recettes,73,73,73221,FNGIR,"3 549,00"
2018,Commune,Ville de Redon,BP,Ville,Fonctionnement,Recettes,73,73,73223,FONDS DE PEREQUATION DES RESS.COMMUNALES ET INTERC,"108 740,00"
2018,Commune,Ville de Redon,BP,Ville,Fonctionnement,Recettes,73,73,7336,DROITS DE PLACE,"65 670,00"
2018,Commune,Ville de Redon,BP,Ville,Fonctionnement,Recettes,73,73,7351,TAXE SUR LA CONSOMMATION FINALE D'ELECTRICITE,"115 000,00"
2018,Commune,Ville de Redon,BP,Ville,Fonctionnement,Recettes,73,73,7363,IMPOT SUR LES SPECTACLES,100
2018,Commune,Ville de Redon,BP,Ville,Fonctionnement,Recettes,73,73,7368,TAXE LOCALE SUR LA PUBLICITE EXTERIEURE,"79 000,00"
2018,Commune,Ville de Redon,BP,Ville,Fonctionnement,Recettes,73,73,7381,TAXE ADDIT. DROIT MUTATION,"290 000,00"
2018,Commune,Ville de Redon,BP,Ville,Fonctionnement,Recettes,74,74,7411,DOTATION FORFAITAIRE,"982 000,00"
2018,Commune,Ville de Redon,BP,Ville,Fonctionnement,Recettes,74,74,74121,DOTATION DE SOLIDARITE RURALE ,"427 000,00"
2018,Commune,Ville de Redon,BP,Ville,Fonctionnement,Recettes,74,74,74123,DOTATION DE SOLIDARITE URBAINE,"148 000,00"
2018,Commune,Ville de Redon,BP,Ville,Fonctionnement,Recettes,74,74,74127,DOTATION NATIONALE DE PEREQUATION,"130 740,00"
2018,Commune,Ville de Redon,BP,Ville,Fonctionnement,Recettes,74,74,744,FCTVA,"13 500,00"
2018,Commune,Ville de Redon,BP,Ville,Fonctionnement,Recettes,74,74,74718,AUTRES,"260 730,00"
2018,Commune,Ville de Redon,BP,Ville,Fonctionnement,Recettes,74,74,74718,PARTICIPATION ETAT - AUTRES,"3 710,00"
2018,Commune,Ville de Redon,BP,Ville,Fonctionnement,Recettes,74,74,7473,DEPARTEMENTS,"66 610,00"
2018,Commune,Ville de Redon,BP,Ville,Fonctionnement,Recettes,74,74,74748,AUTRES COMMUNES,"46 000,00"
2018,Commune,Ville de Redon,BP,Ville,Fonctionnement,Recettes,74,74,74751,GFP DE RATTACHEMENT,"140 000,00"
2018,Commune,Ville de Redon,BP,Ville,Fonctionnement,Recettes,74,74,7477,BUDGET COMMUNAUTAIRE ET FONDS STRUCTURELS,"2 000,00"
2018,Commune,Ville de Redon,BP,Ville,Fonctionnement,Recettes,74,74,7478,SUBVENTIONS PARTICIPATION - AUTRES ORGANISMES,"16 123,00"
2018,Commune,Ville de Redon,BP,Ville,Fonctionnement,Recettes,74,74,7478,SUBVENTIONS-PARTICIPATIONS D'AUTRES ORGANISMES,"18 180,00"
2018,Commune,Ville de Redon,BP,Ville,Fonctionnement,Recettes,74,74,7482,COMPENSATION POUR PERTE DE TAXE ADDITIONNELLE,"1 000,00"
2018,Commune,Ville de Redon,BP,Ville,Fonctionnement,Recettes,74,74,74832,ATTRIB.FONDS DEPARTEMENT.DE TAXE PROF.,"18 000,00"
2018,Commune,Ville de Redon,BP,Ville,Fonctionnement,Recettes,74,74,74833,ETAT - COMPENS. DE LA CONTRIB. ECO. TERR. (CVAE ET,"12 000,00"
2018,Commune,Ville de Redon,BP,Ville,Fonctionnement,Recettes,74,74,74834,ETAT/COMPENSATION TAXE FONC.,"15 000,00"
2018,Commune,Ville de Redon,BP,Ville,Fonctionnement,Recettes,74,74,74835,ETAT/COMPENS.TAXE HAB.,"277 000,00"
2018,Commune,Ville de Redon,BP,Ville,Fonctionnement,Recettes,74,74,7485,DOTATION POUR LES TITRES SECURISES,"24 260,00"
2018,Commune,Ville de Redon,BP,Ville,Fonctionnement,Recettes,74,74,7488,AUTRES ATTRIBUTIONS ET PARTICIPATIONS,"14 000,00"
2018,Commune,Ville de Redon,BP,Ville,Fonctionnement,Recettes,75,75,752,REVENUS DES IMMEUBLES,"418 470,00"
2018,Commune,Ville de Redon,BP,Ville,Fonctionnement,Recettes,75,75,757,REDEVANCES VERSEES PAR LES FERMIERS ET CONCESSION.,"5 800,00"
2018,Commune,Ville de Redon,BP,Ville,Fonctionnement,Recettes,75,75,7588,AUTRES PRODUITS DIVERS DE GESTION COURANTE,"30 446,00"
2018,Commune,Ville de Redon,BP,Ville,Fonctionnement,Recettes,76,76,761,PRODUITS DE PARTICIPATIONS,6
2018,Commune,Ville de Redon,BP,Ville,Fonctionnement,Recettes,76,76,76233,PAR LEURS BA ET REGIES A SEULE AUTONOMIE FINANCIER,"9 204,00"
2018,Commune,Ville de Redon,BP,Ville,Fonctionnement,Recettes,77,77,7718,AUTRES PRODUITS EXCEPTIONNELS SUR OPE. DE GEST.,"4 286,00"
2018,Commune,Ville de Redon,BP,Ville,Fonctionnement,Recettes,77,77,773,MANDATS ANNULES SUR EXERCICES ANTERIEURS,"30 000,00"
2018,Commune,Ville de Redon,BP,Ville,Fonctionnement,Recettes,77,77,7788,PRODUITS EXCEPTIONNELS DIVERS,"38 689,00"
2018,Commune,Ville de Redon,BP,Ville,Fonctionnement,Recettes,13,013,6419,REMBOURSEMENT SUR REMUNERATION,"40 000,00"
2018,Commune,Ville de Redon,BP,Ville,Fonctionnement,Recettes,13,013,6459,REMBOURSEMENTS/CHARGES DE S.S ET PREVOYANCE,"40 000,00"
2018,Commune,Ville de Redon,BP,Ville,Investissement,Recettes,21,21,21,VIREMENT DE LA SECTION DE FONCTIONNEMENT,"950 299,00"
2018,Commune,Ville de Redon,BP,Ville,Investissement,Recettes,40,040,2802,"FRAIS ETUDES, ELABO., MODIF., REVIS. DES DOC. URBA","14 412,00"
2018,Commune,Ville de Redon,BP,Ville,Investissement,Recettes,40,040,28031,AMORT. FRAIS ETUDES,"16 584,00"
2018,Commune,Ville de Redon,BP,Ville,Investissement,Recettes,40,040,28041581,"BIENS MOBILIERS, MATERIEL ET ETUDES","1 672,00"
2018,Commune,Ville de Redon,BP,Ville,Investissement,Recettes,40,040,28041582,BATIMENTS ET INSTALLATIONS,"12 944,00"
2018,Commune,Ville de Redon,BP,Ville,Investissement,Recettes,40,040,28041622,BATIMENTS ET INSTALLATIONS,"20 000,00"
2018,Commune,Ville de Redon,BP,Ville,Investissement,Recettes,40,040,2804182,BATIMENTS ET INSTALLATIONS,"128 800,00"
2018,Commune,Ville de Redon,BP,Ville,Investissement,Recettes,40,040,280422,BATIMENTS ET INSTALLATIONS,"79 183,00"
2018,Commune,Ville de Redon,BP,Ville,Investissement,Recettes,40,040,28051,CONCESSIONS ET DROITS SIMILAIRES,"2 309,00"
2018,Commune,Ville de Redon,BP,Ville,Investissement,Recettes,40,040,28128,AMORT.AUTRES AGENCEMENTS ET AMENAGEMENTS TERRAINS,"1 056,00"
2018,Commune,Ville de Redon,BP,Ville,Investissement,Recettes,40,040,281318,AUTRES BATIMENTS PUBLICS,299
2018,Commune,Ville de Redon,BP,Ville,Investissement,Recettes,40,040,28132,IMMEUBLES DE RAPPORT,"22 345,00"
2018,Commune,Ville de Redon,BP,Ville,Investissement,Recettes,40,040,28135,"INSTALL.GENERALES,AGENCEMENTS,AMENAGEMENTS","2 018,00"
2018,Commune,Ville de Redon,BP,Ville,Investissement,Recettes,40,040,28152,AMORT. INSTALLATIONS DE VOIRIE,778
2018,Commune,Ville de Redon,BP,Ville,Investissement,Recettes,40,040,281568,"AUTRE MATERIEL ET OUTILLAGE D'INCENDIE, DEFENSE","2 487,00"
2018,Commune,Ville de Redon,BP,Ville,Investissement,Recettes,40,040,281571,AMORTISSEMENNTS MATERIEL ROULANT,"25 559,00"
2018,Commune,Ville de Redon,BP,Ville,Investissement,Recettes,40,040,281578,AMORTISSEMENTS MATERIELS DE VOIRIE,"5 154,00"
2018,Commune,Ville de Redon,BP,Ville,Investissement,Recettes,40,040,28158,AMORTIS.AUTRES MAT. & OUT. TECHN.,"44 382,00"
2018,Commune,Ville de Redon,BP,Ville,Investissement,Recettes,40,040,28181,"INSTAL. GENERALES, AGENCEMENTS, AMENAGEMENTS",848
2018,Commune,Ville de Redon,BP,Ville,Investissement,Recettes,40,040,28182,AMORT.MATERIEL DE TRANSPORT,"67 382,00"
2018,Commune,Ville de Redon,BP,Ville,Investissement,Recettes,40,040,28183,AMORT. MATERIEL DE BUREAU,"65 907,00"
2018,Commune,Ville de Redon,BP,Ville,Investissement,Recettes,40,040,28184,AMORT. DU MOBILIER,"12 139,00"
2018,Commune,Ville de Redon,BP,Ville,Investissement,Recettes,40,040,28185,CHEPTEL,381
2018,Commune,Ville de Redon,BP,Ville,Investissement,Recettes,40,040,28188,AMORT. AUTRES IMMOB. CORPORELLES,"104 235,00"
2018,Commune,Ville de Redon,BP,Ville,Investissement,Recettes,41,041,2031,FRAIS D'ETUDES,"420 318,00"
2018,Commune,Ville de Redon,BP,Ville,Investissement,Recettes,10,10,10222,F.C.T.V.A.,"521 451,16"
2018,Commune,Ville de Redon,BP,Ville,Investissement,Recettes,10,10,10226,TAXE D'AMENAG. ET VERSEMENT POUR SOUS-DENSITE,"70 000,00"
2018,Commune,Ville de Redon,BP,Ville,Investissement,Recettes,10,10,1068,EXCEDENTS DE FONCTIONNEMENT CAPITALISE,"1 257 548,84"
2018,Commune,Ville de Redon,BP,Ville,Investissement,Recettes,13,13,1311,ETAT ET ETABLISSEMENTS NATIONAUX,"815 000,00"
2018,Commune,Ville de Redon,BP,Ville,Investissement,Recettes,13,13,1322,REGIONS,"722 018,00"
2018,Commune,Ville de Redon,BP,Ville,Investissement,Recettes,13,13,13251,GFP DE RATTACHEMENT,"1 615 875,86"
2018,Commune,Ville de Redon,BP,Ville,Investissement,Recettes,13,13,1328,AUTRES,"913 117,52"
2018,Commune,Ville de Redon,BP,Ville,Investissement,Recettes,13,13,1341,DOTATION D'EQUIPEMENT DES TERRITOIRES RURAUX,"456 023,50"
2018,Commune,Ville de Redon,BP,Ville,Investissement,Recettes,16,16,1641,EMPRUNTS EN EUROS,"2 471 000,00"
2018,Commune,Ville de Redon,BP,Ville,Investissement,Recettes,16,16,165,DEPOT ET CAUTIONNEMENT RECUS,"1 000,00"
2018,Commune,Ville de Redon,BP,Ville,Investissement,Recettes,23,23,238,AVANCES VERSEES SUR COMMANDES IMMO. CORP.,"98 789,12"
2018,Commune,Ville de Redon,BP,Ville,Investissement,Recettes,27,27,27638,CREA./COLLEC. PUBLIQUES-AUTRES ETABL. PUBLICS,"32 061,00"
2018,Commune,Ville de Redon,BP,Ville,Investissement,Recettes,45,045,454203,RECETTES,"62 000,00"
